grupo;cod_item;descricao;local_estoque;fabricante;laudo
Geral;669;Descrição do Item 669;Local Estoque 669;Fabricante A;Nao
Veicular;770;Descrição do Item 770;Local Estoque 770;Fabricante B;Sim
Galpao;496;Descrição do Item 496;Local Estoque 496;Fabricante B;Nao
Galpao;165;Descrição do Item 165;Local Estoque 165;Fabricante D;Nao
Escritorio;483;Descrição do Item 483;Local Estoque 483;Fabricante D;Sim
Galpao;110;Descrição do Item 110;Local Estoque 110;Fabricante D;Sim
Geral;552;Descrição do Item 552;Local Estoque 552;Fabricante D;Nao
Veicular;646;Descrição do Item 646;Local Estoque 646;Fabricante D;Nao
Veicular;925;Descrição do Item 925;Local Estoque 925;Fabricante C;Nao
Escritorio;368;Descrição do Item 368;Local Estoque 368;Fabricante C;Sim
Escritorio;166;Descrição do Item 166;Local Estoque 166;Fabricante C;Nao
Escritorio;480;Descrição do Item 480;Local Estoque 480;Fabricante A;Nao
Escritorio;248;Descrição do Item 248;Local Estoque 248;Fabricante A;Sim
Geral;298;Descrição do Item 298;Local Estoque 298;Fabricante D;Sim
Escritorio;228;Descrição do Item 228;Local Estoque 228;Fabricante D;Sim
Escritorio;344;Descrição do Item 344;Local Estoque 344;Fabricante D;Nao
Geral;868;Descrição do Item 868;Local Estoque 868;Fabricante D;Nao
Veicular;692;Descrição do Item 692;Local Estoque 692;Fabricante A;Sim
Geral;340;Descrição do Item 340;Local Estoque 340;Fabricante D;Sim
Escritorio;587;Descrição do Item 587;Local Estoque 587;Fabricante D;Nao
Escritorio;9;Descrição do Item 9;Local Estoque 9;Fabricante A;Nao
Veicular;685;Descrição do Item 685;Local Estoque 685;Fabricante A;Nao
Geral;540;Descrição do Item 540;Local Estoque 540;Fabricante C;Nao
Veicular;63;Descrição do Item 63;Local Estoque 63;Fabricante C;Nao
Veicular;780;Descrição do Item 780;Local Estoque 780;Fabricante C;Nao
Veicular;787;Descrição do Item 787;Local Estoque 787;Fabricante B;Sim
Geral;64;Descrição do Item 64;Local Estoque 64;Fabricante C;Sim
Geral;575;Descrição do Item 575;Local Estoque 575;Fabricante C;Nao
Veicular;456;Descrição do Item 456;Local Estoque 456;Fabricante C;Sim
Escritorio;315;Descrição do Item 315;Local Estoque 315;Fabricante C;Sim
Geral;235;Descrição do Item 235;Local Estoque 235;Fabricante A;Nao
Escritorio;194;Descrição do Item 194;Local Estoque 194;Fabricante C;Sim
Galpao;947;Descrição do Item 947;Local Estoque 947;Fabricante C;Nao
Veicular;668;Descrição do Item 668;Local Estoque 668;Fabricante C;Nao
Veicular;520;Descrição do Item 520;Local Estoque 520;Fabricante D;Sim
Escritorio;73;Descrição do Item 73;Local Estoque 73;Fabricante B;Nao
Galpao;493;Descrição do Item 493;Local Estoque 493;Fabricante C;Sim
Galpao;579;Descrição do Item 579;Local Estoque 579;Fabricante D;Nao
Veicular;401;Descrição do Item 401;Local Estoque 401;Fabricante A;Nao
Geral;452;Descrição do Item 452;Local Estoque 452;Fabricante D;Nao
Veicular;615;Descrição do Item 615;Local Estoque 615;Fabricante C;Nao
Galpao;624;Descrição do Item 624;Local Estoque 624;Fabricante C;Sim
Galpao;663;Descrição do Item 663;Local Estoque 663;Fabricante B;Nao
Galpao;15;Descrição do Item 15;Local Estoque 15;Fabricante B;Sim
Veicular;785;Descrição do Item 785;Local Estoque 785;Fabricante D;Sim
Geral;787;Descrição do Item 787;Local Estoque 787;Fabricante C;Sim
Galpao;856;Descrição do Item 856;Local Estoque 856;Fabricante D;Nao
Veicular;863;Descrição do Item 863;Local Estoque 863;Fabricante D;Sim
Veicular;951;Descrição do Item 951;Local Estoque 951;Fabricante C;Sim
Galpao;362;Descrição do Item 362;Local Estoque 362;Fabricante B;Nao
Escritorio;262;Descrição do Item 262;Local Estoque 262;Fabricante D;Nao
Escritorio;183;Descrição do Item 183;Local Estoque 183;Fabricante D;Nao
Veicular;103;Descrição do Item 103;Local Estoque 103;Fabricante C;Sim
Escritorio;549;Descrição do Item 549;Local Estoque 549;Fabricante B;Nao
Escritorio;487;Descrição do Item 487;Local Estoque 487;Fabricante A;Nao
Escritorio;165;Descrição do Item 165;Local Estoque 165;Fabricante A;Nao
Galpao;810;Descrição do Item 810;Local Estoque 810;Fabricante C;Sim
Geral;821;Descrição do Item 821;Local Estoque 821;Fabricante C;Nao
Veicular;478;Descrição do Item 478;Local Estoque 478;Fabricante B;Nao
Galpao;435;Descrição do Item 435;Local Estoque 435;Fabricante C;Nao
Galpao;25;Descrição do Item 25;Local Estoque 25;Fabricante C;Nao
Veicular;21;Descrição do Item 21;Local Estoque 21;Fabricante B;Nao
Veicular;942;Descrição do Item 942;Local Estoque 942;Fabricante C;Nao
Escritorio;126;Descrição do Item 126;Local Estoque 126;Fabricante A;Sim
Escritorio;255;Descrição do Item 255;Local Estoque 255;Fabricante A;Sim
Geral;839;Descrição do Item 839;Local Estoque 839;Fabricante C;Nao
Geral;545;Descrição do Item 545;Local Estoque 545;Fabricante A;Nao
Veicular;332;Descrição do Item 332;Local Estoque 332;Fabricante A;Sim
Escritorio;474;Descrição do Item 474;Local Estoque 474;Fabricante C;Sim
Escritorio;411;Descrição do Item 411;Local Estoque 411;Fabricante A;Sim
Geral;311;Descrição do Item 311;Local Estoque 311;Fabricante B;Nao
Veicular;622;Descrição do Item 622;Local Estoque 622;Fabricante D;Nao
Escritorio;381;Descrição do Item 381;Local Estoque 381;Fabricante C;Sim
Geral;620;Descrição do Item 620;Local Estoque 620;Fabricante A;Sim
Geral;984;Descrição do Item 984;Local Estoque 984;Fabricante D;Sim
Geral;595;Descrição do Item 595;Local Estoque 595;Fabricante A;Sim
Veicular;15;Descrição do Item 15;Local Estoque 15;Fabricante A;Sim
Escritorio;247;Descrição do Item 247;Local Estoque 247;Fabricante C;Nao
Galpao;930;Descrição do Item 930;Local Estoque 930;Fabricante B;Sim
Geral;964;Descrição do Item 964;Local Estoque 964;Fabricante B;Sim
Galpao;466;Descrição do Item 466;Local Estoque 466;Fabricante D;Sim
Geral;543;Descrição do Item 543;Local Estoque 543;Fabricante A;Nao
Escritorio;746;Descrição do Item 746;Local Estoque 746;Fabricante D;Nao
Geral;145;Descrição do Item 145;Local Estoque 145;Fabricante D;Nao
Escritorio;674;Descrição do Item 674;Local Estoque 674;Fabricante B;Sim
Galpao;293;Descrição do Item 293;Local Estoque 293;Fabricante D;Nao
Geral;975;Descrição do Item 975;Local Estoque 975;Fabricante C;Nao
Geral;801;Descrição do Item 801;Local Estoque 801;Fabricante D;Nao
Geral;1000;Descrição do Item 1000;Local Estoque 1000;Fabricante D;Nao
Geral;591;Descrição do Item 591;Local Estoque 591;Fabricante A;Nao
Veicular;13;Descrição do Item 13;Local Estoque 13;Fabricante C;Nao
Geral;699;Descrição do Item 699;Local Estoque 699;Fabricante B;Nao
Geral;373;Descrição do Item 373;Local Estoque 373;Fabricante D;Nao
Geral;289;Descrição do Item 289;Local Estoque 289;Fabricante B;Sim
Escritorio;186;Descrição do Item 186;Local Estoque 186;Fabricante C;Nao
Escritorio;632;Descrição do Item 632;Local Estoque 632;Fabricante C;Nao
Galpao;218;Descrição do Item 218;Local Estoque 218;Fabricante B;Nao
Galpao;535;Descrição do Item 535;Local Estoque 535;Fabricante A;Sim
Galpao;70;Descrição do Item 70;Local Estoque 70;Fabricante A;Sim
Geral;390;Descrição do Item 390;Local Estoque 390;Fabricante C;Sim
Veicular;372;Descrição do Item 372;Local Estoque 372;Fabricante D;Nao
Escritorio;872;Descrição do Item 872;Local Estoque 872;Fabricante D;Nao
Galpao;537;Descrição do Item 537;Local Estoque 537;Fabricante D;Sim
Escritorio;495;Descrição do Item 495;Local Estoque 495;Fabricante B;Nao
Veicular;59;Descrição do Item 59;Local Estoque 59;Fabricante D;Nao
Escritorio;977;Descrição do Item 977;Local Estoque 977;Fabricante B;Sim
Geral;220;Descrição do Item 220;Local Estoque 220;Fabricante D;Sim
Veicular;103;Descrição do Item 103;Local Estoque 103;Fabricante D;Sim
Escritorio;640;Descrição do Item 640;Local Estoque 640;Fabricante D;Nao
Veicular;453;Descrição do Item 453;Local Estoque 453;Fabricante B;Sim
Galpao;808;Descrição do Item 808;Local Estoque 808;Fabricante D;Sim
Veicular;533;Descrição do Item 533;Local Estoque 533;Fabricante D;Nao
Veicular;854;Descrição do Item 854;Local Estoque 854;Fabricante B;Nao
Escritorio;293;Descrição do Item 293;Local Estoque 293;Fabricante C;Sim
Veicular;435;Descrição do Item 435;Local Estoque 435;Fabricante B;Nao
Escritorio;49;Descrição do Item 49;Local Estoque 49;Fabricante D;Sim
Geral;809;Descrição do Item 809;Local Estoque 809;Fabricante C;Sim
Escritorio;307;Descrição do Item 307;Local Estoque 307;Fabricante B;Sim
Geral;224;Descrição do Item 224;Local Estoque 224;Fabricante B;Nao
Geral;312;Descrição do Item 312;Local Estoque 312;Fabricante B;Sim
Veicular;739;Descrição do Item 739;Local Estoque 739;Fabricante B;Nao
Veicular;746;Descrição do Item 746;Local Estoque 746;Fabricante C;Nao
Geral;346;Descrição do Item 346;Local Estoque 346;Fabricante B;Nao
Veicular;298;Descrição do Item 298;Local Estoque 298;Fabricante C;Nao
Galpao;5;Descrição do Item 5;Local Estoque 5;Fabricante D;Nao
Geral;814;Descrição do Item 814;Local Estoque 814;Fabricante C;Nao
Galpao;422;Descrição do Item 422;Local Estoque 422;Fabricante A;Nao
Escritorio;540;Descrição do Item 540;Local Estoque 540;Fabricante A;Nao
Veicular;728;Descrição do Item 728;Local Estoque 728;Fabricante C;Nao
Galpao;970;Descrição do Item 970;Local Estoque 970;Fabricante D;Nao
Geral;831;Descrição do Item 831;Local Estoque 831;Fabricante A;Nao
Geral;239;Descrição do Item 239;Local Estoque 239;Fabricante A;Nao
Veicular;445;Descrição do Item 445;Local Estoque 445;Fabricante D;Sim
Escritorio;148;Descrição do Item 148;Local Estoque 148;Fabricante C;Sim
Veicular;702;Descrição do Item 702;Local Estoque 702;Fabricante D;Sim
Escritorio;924;Descrição do Item 924;Local Estoque 924;Fabricante B;Sim
Galpao;330;Descrição do Item 330;Local Estoque 330;Fabricante C;Sim
Geral;245;Descrição do Item 245;Local Estoque 245;Fabricante C;Nao
Escritorio;821;Descrição do Item 821;Local Estoque 821;Fabricante A;Nao
Geral;207;Descrição do Item 207;Local Estoque 207;Fabricante D;Sim
Veicular;3;Descrição do Item 3;Local Estoque 3;Fabricante D;Sim
Galpao;282;Descrição do Item 282;Local Estoque 282;Fabricante B;Nao
Escritorio;763;Descrição do Item 763;Local Estoque 763;Fabricante B;Nao
Geral;437;Descrição do Item 437;Local Estoque 437;Fabricante A;Sim
Galpao;703;Descrição do Item 703;Local Estoque 703;Fabricante C;Sim
Escritorio;967;Descrição do Item 967;Local Estoque 967;Fabricante B;Sim
Veicular;40;Descrição do Item 40;Local Estoque 40;Fabricante A;Sim
Geral;96;Descrição do Item 96;Local Estoque 96;Fabricante D;Sim
Geral;926;Descrição do Item 926;Local Estoque 926;Fabricante A;Sim
Veicular;226;Descrição do Item 226;Local Estoque 226;Fabricante C;Nao
Geral;316;Descrição do Item 316;Local Estoque 316;Fabricante D;Sim
Veicular;803;Descrição do Item 803;Local Estoque 803;Fabricante C;Sim
Escritorio;851;Descrição do Item 851;Local Estoque 851;Fabricante D;Nao
Escritorio;643;Descrição do Item 643;Local Estoque 643;Fabricante B;Sim
Veicular;941;Descrição do Item 941;Local Estoque 941;Fabricante C;Sim
Galpao;386;Descrição do Item 386;Local Estoque 386;Fabricante A;Nao
Escritorio;454;Descrição do Item 454;Local Estoque 454;Fabricante C;Sim
Geral;119;Descrição do Item 119;Local Estoque 119;Fabricante B;Nao
Geral;69;Descrição do Item 69;Local Estoque 69;Fabricante B;Sim
Veicular;473;Descrição do Item 473;Local Estoque 473;Fabricante B;Sim
Geral;274;Descrição do Item 274;Local Estoque 274;Fabricante B;Sim
Escritorio;844;Descrição do Item 844;Local Estoque 844;Fabricante D;Sim
Geral;815;Descrição do Item 815;Local Estoque 815;Fabricante A;Nao
Veicular;257;Descrição do Item 257;Local Estoque 257;Fabricante A;Sim
Geral;437;Descrição do Item 437;Local Estoque 437;Fabricante A;Nao
Escritorio;445;Descrição do Item 445;Local Estoque 445;Fabricante D;Sim
Geral;737;Descrição do Item 737;Local Estoque 737;Fabricante A;Nao
Escritorio;962;Descrição do Item 962;Local Estoque 962;Fabricante B;Nao
Geral;923;Descrição do Item 923;Local Estoque 923;Fabricante A;Sim
Escritorio;438;Descrição do Item 438;Local Estoque 438;Fabricante C;Nao
Geral;272;Descrição do Item 272;Local Estoque 272;Fabricante D;Nao
Veicular;197;Descrição do Item 197;Local Estoque 197;Fabricante B;Sim
Escritorio;440;Descrição do Item 440;Local Estoque 440;Fabricante C;Sim
Veicular;307;Descrição do Item 307;Local Estoque 307;Fabricante A;Sim
Geral;502;Descrição do Item 502;Local Estoque 502;Fabricante D;Nao
Escritorio;594;Descrição do Item 594;Local Estoque 594;Fabricante B;Nao
Geral;994;Descrição do Item 994;Local Estoque 994;Fabricante C;Sim
Geral;173;Descrição do Item 173;Local Estoque 173;Fabricante A;Sim
Escritorio;983;Descrição do Item 983;Local Estoque 983;Fabricante B;Nao
Geral;227;Descrição do Item 227;Local Estoque 227;Fabricante B;Sim
Escritorio;462;Descrição do Item 462;Local Estoque 462;Fabricante A;Sim
Geral;580;Descrição do Item 580;Local Estoque 580;Fabricante D;Sim
Escritorio;804;Descrição do Item 804;Local Estoque 804;Fabricante D;Nao
Geral;364;Descrição do Item 364;Local Estoque 364;Fabricante C;Sim
Veicular;945;Descrição do Item 945;Local Estoque 945;Fabricante B;Sim
Escritorio;576;Descrição do Item 576;Local Estoque 576;Fabricante A;Sim
Escritorio;487;Descrição do Item 487;Local Estoque 487;Fabricante B;Nao
Galpao;279;Descrição do Item 279;Local Estoque 279;Fabricante D;Nao
Veicular;439;Descrição do Item 439;Local Estoque 439;Fabricante D;Sim
Escritorio;301;Descrição do Item 301;Local Estoque 301;Fabricante A;Nao
Geral;789;Descrição do Item 789;Local Estoque 789;Fabricante D;Sim
Escritorio;180;Descrição do Item 180;Local Estoque 180;Fabricante C;Nao
Geral;517;Descrição do Item 517;Local Estoque 517;Fabricante D;Sim
Galpao;25;Descrição do Item 25;Local Estoque 25;Fabricante D;Sim
Geral;401;Descrição do Item 401;Local Estoque 401;Fabricante D;Sim
Geral;511;Descrição do Item 511;Local Estoque 511;Fabricante D;Sim
Geral;720;Descrição do Item 720;Local Estoque 720;Fabricante C;Sim
Geral;545;Descrição do Item 545;Local Estoque 545;Fabricante A;Nao
Escritorio;904;Descrição do Item 904;Local Estoque 904;Fabricante C;Nao
Escritorio;928;Descrição do Item 928;Local Estoque 928;Fabricante C;Nao
Veicular;546;Descrição do Item 546;Local Estoque 546;Fabricante D;Nao
Galpao;905;Descrição do Item 905;Local Estoque 905;Fabricante A;Nao
Geral;67;Descrição do Item 67;Local Estoque 67;Fabricante D;Sim
Veicular;228;Descrição do Item 228;Local Estoque 228;Fabricante A;Sim
Galpao;509;Descrição do Item 509;Local Estoque 509;Fabricante B;Sim
Escritorio;195;Descrição do Item 195;Local Estoque 195;Fabricante B;Sim
Escritorio;55;Descrição do Item 55;Local Estoque 55;Fabricante A;Sim
Galpao;450;Descrição do Item 450;Local Estoque 450;Fabricante C;Nao
Geral;468;Descrição do Item 468;Local Estoque 468;Fabricante B;Nao
Veicular;603;Descrição do Item 603;Local Estoque 603;Fabricante D;Sim
Veicular;156;Descrição do Item 156;Local Estoque 156;Fabricante D;Nao
Galpao;693;Descrição do Item 693;Local Estoque 693;Fabricante A;Nao
Escritorio;288;Descrição do Item 288;Local Estoque 288;Fabricante B;Nao
Veicular;285;Descrição do Item 285;Local Estoque 285;Fabricante A;Nao
Galpao;935;Descrição do Item 935;Local Estoque 935;Fabricante C;Sim
Geral;266;Descrição do Item 266;Local Estoque 266;Fabricante D;Nao
Escritorio;355;Descrição do Item 355;Local Estoque 355;Fabricante B;Sim
Veicular;507;Descrição do Item 507;Local Estoque 507;Fabricante C;Sim
Veicular;158;Descrição do Item 158;Local Estoque 158;Fabricante D;Nao
Geral;202;Descrição do Item 202;Local Estoque 202;Fabricante C;Nao
Galpao;946;Descrição do Item 946;Local Estoque 946;Fabricante D;Sim
Geral;712;Descrição do Item 712;Local Estoque 712;Fabricante D;Sim
Veicular;175;Descrição do Item 175;Local Estoque 175;Fabricante A;Nao
Escritorio;496;Descrição do Item 496;Local Estoque 496;Fabricante D;Sim
Veicular;757;Descrição do Item 757;Local Estoque 757;Fabricante D;Nao
Geral;33;Descrição do Item 33;Local Estoque 33;Fabricante A;Sim
Galpao;29;Descrição do Item 29;Local Estoque 29;Fabricante D;Sim
Galpao;74;Descrição do Item 74;Local Estoque 74;Fabricante A;Sim
Veicular;717;Descrição do Item 717;Local Estoque 717;Fabricante A;Sim
Escritorio;251;Descrição do Item 251;Local Estoque 251;Fabricante B;Nao
Galpao;528;Descrição do Item 528;Local Estoque 528;Fabricante B;Sim
Veicular;885;Descrição do Item 885;Local Estoque 885;Fabricante C;Nao
Escritorio;732;Descrição do Item 732;Local Estoque 732;Fabricante D;Sim
Veicular;227;Descrição do Item 227;Local Estoque 227;Fabricante B;Sim
Galpao;984;Descrição do Item 984;Local Estoque 984;Fabricante A;Sim
Geral;774;Descrição do Item 774;Local Estoque 774;Fabricante A;Nao
Escritorio;244;Descrição do Item 244;Local Estoque 244;Fabricante C;Sim
Geral;519;Descrição do Item 519;Local Estoque 519;Fabricante B;Sim
Veicular;821;Descrição do Item 821;Local Estoque 821;Fabricante C;Nao
Galpao;436;Descrição do Item 436;Local Estoque 436;Fabricante D;Nao
Galpao;670;Descrição do Item 670;Local Estoque 670;Fabricante C;Nao
Geral;275;Descrição do Item 275;Local Estoque 275;Fabricante B;Nao
Galpao;831;Descrição do Item 831;Local Estoque 831;Fabricante C;Nao
Geral;938;Descrição do Item 938;Local Estoque 938;Fabricante A;Nao
Galpao;851;Descrição do Item 851;Local Estoque 851;Fabricante C;Sim
Veicular;473;Descrição do Item 473;Local Estoque 473;Fabricante D;Sim
Galpao;2;Descrição do Item 2;Local Estoque 2;Fabricante C;Nao
Veicular;359;Descrição do Item 359;Local Estoque 359;Fabricante C;Nao
Geral;189;Descrição do Item 189;Local Estoque 189;Fabricante D;Sim
Geral;334;Descrição do Item 334;Local Estoque 334;Fabricante A;Sim
Galpao;504;Descrição do Item 504;Local Estoque 504;Fabricante D;Nao
Galpao;407;Descrição do Item 407;Local Estoque 407;Fabricante C;Nao
Veicular;58;Descrição do Item 58;Local Estoque 58;Fabricante A;Sim
Geral;367;Descrição do Item 367;Local Estoque 367;Fabricante A;Sim
Veicular;149;Descrição do Item 149;Local Estoque 149;Fabricante A;Nao
Galpao;582;Descrição do Item 582;Local Estoque 582;Fabricante B;Sim
Geral;232;Descrição do Item 232;Local Estoque 232;Fabricante A;Nao
Galpao;592;Descrição do Item 592;Local Estoque 592;Fabricante B;Nao
Geral;32;Descrição do Item 32;Local Estoque 32;Fabricante B;Nao
Escritorio;108;Descrição do Item 108;Local Estoque 108;Fabricante D;Nao
Veicular;761;Descrição do Item 761;Local Estoque 761;Fabricante A;Sim
Galpao;380;Descrição do Item 380;Local Estoque 380;Fabricante B;Nao
Escritorio;365;Descrição do Item 365;Local Estoque 365;Fabricante A;Sim
Escritorio;471;Descrição do Item 471;Local Estoque 471;Fabricante B;Nao
Galpao;989;Descrição do Item 989;Local Estoque 989;Fabricante D;Sim
Veicular;736;Descrição do Item 736;Local Estoque 736;Fabricante A;Sim
Geral;183;Descrição do Item 183;Local Estoque 183;Fabricante C;Nao
Escritorio;413;Descrição do Item 413;Local Estoque 413;Fabricante A;Sim
Geral;796;Descrição do Item 796;Local Estoque 796;Fabricante C;Sim
Galpao;534;Descrição do Item 534;Local Estoque 534;Fabricante D;Nao
Veicular;946;Descrição do Item 946;Local Estoque 946;Fabricante D;Sim
Veicular;851;Descrição do Item 851;Local Estoque 851;Fabricante A;Sim
Geral;896;Descrição do Item 896;Local Estoque 896;Fabricante D;Nao
Veicular;533;Descrição do Item 533;Local Estoque 533;Fabricante A;Sim
Galpao;12;Descrição do Item 12;Local Estoque 12;Fabricante A;Nao
Escritorio;494;Descrição do Item 494;Local Estoque 494;Fabricante C;Sim
Escritorio;431;Descrição do Item 431;Local Estoque 431;Fabricante C;Sim
Escritorio;932;Descrição do Item 932;Local Estoque 932;Fabricante D;Sim
Escritorio;564;Descrição do Item 564;Local Estoque 564;Fabricante D;Nao
Geral;324;Descrição do Item 324;Local Estoque 324;Fabricante D;Nao
Veicular;366;Descrição do Item 366;Local Estoque 366;Fabricante A;Sim
Escritorio;367;Descrição do Item 367;Local Estoque 367;Fabricante D;Nao
Geral;516;Descrição do Item 516;Local Estoque 516;Fabricante C;Sim
Veicular;179;Descrição do Item 179;Local Estoque 179;Fabricante D;Nao
Geral;314;Descrição do Item 314;Local Estoque 314;Fabricante D;Sim
Geral;743;Descrição do Item 743;Local Estoque 743;Fabricante A;Sim
Geral;344;Descrição do Item 344;Local Estoque 344;Fabricante D;Sim
Veicular;649;Descrição do Item 649;Local Estoque 649;Fabricante D;Nao
Escritorio;487;Descrição do Item 487;Local Estoque 487;Fabricante C;Sim
Escritorio;350;Descrição do Item 350;Local Estoque 350;Fabricante A;Sim
Geral;953;Descrição do Item 953;Local Estoque 953;Fabricante A;Sim
Galpao;800;Descrição do Item 800;Local Estoque 800;Fabricante C;Sim
Veicular;664;Descrição do Item 664;Local Estoque 664;Fabricante C;Nao
Galpao;117;Descrição do Item 117;Local Estoque 117;Fabricante B;Nao
Veicular;318;Descrição do Item 318;Local Estoque 318;Fabricante C;Sim
Galpao;265;Descrição do Item 265;Local Estoque 265;Fabricante B;Sim
Escritorio;369;Descrição do Item 369;Local Estoque 369;Fabricante B;Sim
Galpao;884;Descrição do Item 884;Local Estoque 884;Fabricante D;Nao
Galpao;148;Descrição do Item 148;Local Estoque 148;Fabricante B;Nao
Veicular;742;Descrição do Item 742;Local Estoque 742;Fabricante A;Sim
Veicular;234;Descrição do Item 234;Local Estoque 234;Fabricante D;Nao
Escritorio;625;Descrição do Item 625;Local Estoque 625;Fabricante B;Sim
Geral;417;Descrição do Item 417;Local Estoque 417;Fabricante A;Sim
Veicular;550;Descrição do Item 550;Local Estoque 550;Fabricante C;Sim
Galpao;717;Descrição do Item 717;Local Estoque 717;Fabricante B;Sim
Galpao;286;Descrição do Item 286;Local Estoque 286;Fabricante C;Nao
Veicular;278;Descrição do Item 278;Local Estoque 278;Fabricante A;Sim
Geral;188;Descrição do Item 188;Local Estoque 188;Fabricante C;Nao
Escritorio;667;Descrição do Item 667;Local Estoque 667;Fabricante A;Nao
Galpao;874;Descrição do Item 874;Local Estoque 874;Fabricante A;Sim
Veicular;809;Descrição do Item 809;Local Estoque 809;Fabricante A;Nao
Galpao;475;Descrição do Item 475;Local Estoque 475;Fabricante A;Nao
Geral;177;Descrição do Item 177;Local Estoque 177;Fabricante B;Sim
Geral;98;Descrição do Item 98;Local Estoque 98;Fabricante B;Sim
Escritorio;376;Descrição do Item 376;Local Estoque 376;Fabricante B;Sim
Veicular;994;Descrição do Item 994;Local Estoque 994;Fabricante C;Nao
Galpao;695;Descrição do Item 695;Local Estoque 695;Fabricante D;Sim
Galpao;154;Descrição do Item 154;Local Estoque 154;Fabricante C;Nao
Escritorio;106;Descrição do Item 106;Local Estoque 106;Fabricante C;Sim
Veicular;893;Descrição do Item 893;Local Estoque 893;Fabricante B;Nao
Veicular;174;Descrição do Item 174;Local Estoque 174;Fabricante C;Sim
Galpao;574;Descrição do Item 574;Local Estoque 574;Fabricante A;Nao
Veicular;194;Descrição do Item 194;Local Estoque 194;Fabricante C;Nao
Galpao;458;Descrição do Item 458;Local Estoque 458;Fabricante B;Nao
Geral;36;Descrição do Item 36;Local Estoque 36;Fabricante A;Nao
Escritorio;99;Descrição do Item 99;Local Estoque 99;Fabricante D;Nao
Veicular;231;Descrição do Item 231;Local Estoque 231;Fabricante D;Sim
Geral;890;Descrição do Item 890;Local Estoque 890;Fabricante C;Nao
Galpao;375;Descrição do Item 375;Local Estoque 375;Fabricante D;Sim
Galpao;747;Descrição do Item 747;Local Estoque 747;Fabricante D;Nao
Veicular;587;Descrição do Item 587;Local Estoque 587;Fabricante C;Sim
Veicular;53;Descrição do Item 53;Local Estoque 53;Fabricante D;Sim
Geral;18;Descrição do Item 18;Local Estoque 18;Fabricante B;Nao
Escritorio;998;Descrição do Item 998;Local Estoque 998;Fabricante A;Sim
Veicular;116;Descrição do Item 116;Local Estoque 116;Fabricante D;Sim
Veicular;322;Descrição do Item 322;Local Estoque 322;Fabricante B;Nao
Veicular;430;Descrição do Item 430;Local Estoque 430;Fabricante A;Nao
Geral;207;Descrição do Item 207;Local Estoque 207;Fabricante D;Nao
Geral;547;Descrição do Item 547;Local Estoque 547;Fabricante A;Nao
Escritorio;433;Descrição do Item 433;Local Estoque 433;Fabricante B;Nao
Veicular;488;Descrição do Item 488;Local Estoque 488;Fabricante A;Sim
Galpao;884;Descrição do Item 884;Local Estoque 884;Fabricante A;Sim
Veicular;22;Descrição do Item 22;Local Estoque 22;Fabricante A;Sim
Geral;441;Descrição do Item 441;Local Estoque 441;Fabricante D;Sim
Geral;21;Descrição do Item 21;Local Estoque 21;Fabricante B;Sim
Escritorio;775;Descrição do Item 775;Local Estoque 775;Fabricante B;Sim
Geral;983;Descrição do Item 983;Local Estoque 983;Fabricante A;Sim
Geral;580;Descrição do Item 580;Local Estoque 580;Fabricante C;Nao
Geral;60;Descrição do Item 60;Local Estoque 60;Fabricante B;Sim
Geral;80;Descrição do Item 80;Local Estoque 80;Fabricante A;Sim
Galpao;830;Descrição do Item 830;Local Estoque 830;Fabricante C;Nao
Geral;494;Descrição do Item 494;Local Estoque 494;Fabricante A;Sim
Galpao;440;Descrição do Item 440;Local Estoque 440;Fabricante D;Nao
Escritorio;916;Descrição do Item 916;Local Estoque 916;Fabricante D;Nao
Escritorio;583;Descrição do Item 583;Local Estoque 583;Fabricante D;Nao
Veicular;582;Descrição do Item 582;Local Estoque 582;Fabricante C;Sim
Veicular;570;Descrição do Item 570;Local Estoque 570;Fabricante B;Sim
Veicular;632;Descrição do Item 632;Local Estoque 632;Fabricante A;Nao
Veicular;536;Descrição do Item 536;Local Estoque 536;Fabricante D;Sim
Geral;187;Descrição do Item 187;Local Estoque 187;Fabricante A;Sim
Galpao;491;Descrição do Item 491;Local Estoque 491;Fabricante B;Nao
Galpao;640;Descrição do Item 640;Local Estoque 640;Fabricante C;Nao
Geral;48;Descrição do Item 48;Local Estoque 48;Fabricante C;Sim
Geral;610;Descrição do Item 610;Local Estoque 610;Fabricante D;Sim
Veicular;42;Descrição do Item 42;Local Estoque 42;Fabricante B;Nao
Geral;599;Descrição do Item 599;Local Estoque 599;Fabricante A;Nao
Veicular;386;Descrição do Item 386;Local Estoque 386;Fabricante B;Nao
Escritorio;644;Descrição do Item 644;Local Estoque 644;Fabricante D;Nao
Galpao;711;Descrição do Item 711;Local Estoque 711;Fabricante D;Sim
Galpao;240;Descrição do Item 240;Local Estoque 240;Fabricante B;Nao
Geral;692;Descrição do Item 692;Local Estoque 692;Fabricante B;Sim
Geral;791;Descrição do Item 791;Local Estoque 791;Fabricante D;Sim
Geral;935;Descrição do Item 935;Local Estoque 935;Fabricante C;Sim
Geral;146;Descrição do Item 146;Local Estoque 146;Fabricante D;Nao
Geral;309;Descrição do Item 309;Local Estoque 309;Fabricante A;Sim
Escritorio;631;Descrição do Item 631;Local Estoque 631;Fabricante B;Sim
Veicular;179;Descrição do Item 179;Local Estoque 179;Fabricante D;Sim
Veicular;974;Descrição do Item 974;Local Estoque 974;Fabricante A;Sim
Veicular;936;Descrição do Item 936;Local Estoque 936;Fabricante A;Sim
Escritorio;490;Descrição do Item 490;Local Estoque 490;Fabricante C;Sim
Veicular;435;Descrição do Item 435;Local Estoque 435;Fabricante B;Nao
Geral;618;Descrição do Item 618;Local Estoque 618;Fabricante A;Nao
Geral;533;Descrição do Item 533;Local Estoque 533;Fabricante C;Nao
Veicular;645;Descrição do Item 645;Local Estoque 645;Fabricante D;Nao
Veicular;384;Descrição do Item 384;Local Estoque 384;Fabricante B;Nao
Escritorio;959;Descrição do Item 959;Local Estoque 959;Fabricante C;Sim
Escritorio;937;Descrição do Item 937;Local Estoque 937;Fabricante B;Nao
Escritorio;459;Descrição do Item 459;Local Estoque 459;Fabricante C;Sim
Galpao;197;Descrição do Item 197;Local Estoque 197;Fabricante D;Nao
Escritorio;721;Descrição do Item 721;Local Estoque 721;Fabricante D;Nao
Geral;783;Descrição do Item 783;Local Estoque 783;Fabricante D;Sim
Veicular;227;Descrição do Item 227;Local Estoque 227;Fabricante B;Nao
Escritorio;292;Descrição do Item 292;Local Estoque 292;Fabricante D;Nao
Escritorio;961;Descrição do Item 961;Local Estoque 961;Fabricante B;Sim
Galpao;669;Descrição do Item 669;Local Estoque 669;Fabricante A;Sim
Veicular;639;Descrição do Item 639;Local Estoque 639;Fabricante B;Sim
Geral;481;Descrição do Item 481;Local Estoque 481;Fabricante C;Nao
Escritorio;658;Descrição do Item 658;Local Estoque 658;Fabricante B;Nao
Veicular;389;Descrição do Item 389;Local Estoque 389;Fabricante B;Nao
Escritorio;145;Descrição do Item 145;Local Estoque 145;Fabricante D;Nao
Veicular;611;Descrição do Item 611;Local Estoque 611;Fabricante B;Nao
Galpao;196;Descrição do Item 196;Local Estoque 196;Fabricante C;Sim
Escritorio;702;Descrição do Item 702;Local Estoque 702;Fabricante B;Sim
Escritorio;717;Descrição do Item 717;Local Estoque 717;Fabricante C;Nao
Veicular;622;Descrição do Item 622;Local Estoque 622;Fabricante B;Nao
Galpao;9;Descrição do Item 9;Local Estoque 9;Fabricante A;Sim
Galpao;9;Descrição do Item 9;Local Estoque 9;Fabricante A;Nao
Galpao;463;Descrição do Item 463;Local Estoque 463;Fabricante A;Nao
Galpao;402;Descrição do Item 402;Local Estoque 402;Fabricante D;Sim
Galpao;706;Descrição do Item 706;Local Estoque 706;Fabricante A;Nao
Escritorio;111;Descrição do Item 111;Local Estoque 111;Fabricante A;Sim
Veicular;202;Descrição do Item 202;Local Estoque 202;Fabricante B;Sim
Geral;794;Descrição do Item 794;Local Estoque 794;Fabricante B;Nao
Escritorio;660;Descrição do Item 660;Local Estoque 660;Fabricante D;Nao
Galpao;90;Descrição do Item 90;Local Estoque 90;Fabricante D;Nao
Escritorio;231;Descrição do Item 231;Local Estoque 231;Fabricante D;Nao
Escritorio;746;Descrição do Item 746;Local Estoque 746;Fabricante A;Sim
Escritorio;457;Descrição do Item 457;Local Estoque 457;Fabricante A;Nao
Geral;614;Descrição do Item 614;Local Estoque 614;Fabricante B;Nao
Galpao;548;Descrição do Item 548;Local Estoque 548;Fabricante B;Sim
Galpao;854;Descrição do Item 854;Local Estoque 854;Fabricante A;Nao
Veicular;190;Descrição do Item 190;Local Estoque 190;Fabricante C;Sim
Escritorio;385;Descrição do Item 385;Local Estoque 385;Fabricante A;Sim
Geral;998;Descrição do Item 998;Local Estoque 998;Fabricante C;Nao
Galpao;468;Descrição do Item 468;Local Estoque 468;Fabricante A;Nao
Galpao;423;Descrição do Item 423;Local Estoque 423;Fabricante A;Nao
Veicular;581;Descrição do Item 581;Local Estoque 581;Fabricante B;Nao
Escritorio;367;Descrição do Item 367;Local Estoque 367;Fabricante C;Nao
Geral;609;Descrição do Item 609;Local Estoque 609;Fabricante D;Sim
Veicular;804;Descrição do Item 804;Local Estoque 804;Fabricante A;Sim
Escritorio;375;Descrição do Item 375;Local Estoque 375;Fabricante B;Nao
Galpao;686;Descrição do Item 686;Local Estoque 686;Fabricante B;Nao
Escritorio;958;Descrição do Item 958;Local Estoque 958;Fabricante C;Sim
Galpao;703;Descrição do Item 703;Local Estoque 703;Fabricante B;Nao
Veicular;967;Descrição do Item 967;Local Estoque 967;Fabricante C;Sim
Galpao;395;Descrição do Item 395;Local Estoque 395;Fabricante A;Sim
Veicular;46;Descrição do Item 46;Local Estoque 46;Fabricante D;Nao
Veicular;143;Descrição do Item 143;Local Estoque 143;Fabricante A;Nao
Geral;142;Descrição do Item 142;Local Estoque 142;Fabricante D;Nao
Geral;518;Descrição do Item 518;Local Estoque 518;Fabricante A;Sim
Galpao;48;Descrição do Item 48;Local Estoque 48;Fabricante A;Sim
Geral;511;Descrição do Item 511;Local Estoque 511;Fabricante A;Sim
Veicular;117;Descrição do Item 117;Local Estoque 117;Fabricante B;Sim
Escritorio;668;Descrição do Item 668;Local Estoque 668;Fabricante D;Sim
Escritorio;505;Descrição do Item 505;Local Estoque 505;Fabricante A;Nao
Escritorio;366;Descrição do Item 366;Local Estoque 366;Fabricante B;Nao
Galpao;199;Descrição do Item 199;Local Estoque 199;Fabricante A;Sim
Veicular;140;Descrição do Item 140;Local Estoque 140;Fabricante A;Sim
Escritorio;117;Descrição do Item 117;Local Estoque 117;Fabricante D;Nao
Geral;933;Descrição do Item 933;Local Estoque 933;Fabricante B;Sim
Galpao;465;Descrição do Item 465;Local Estoque 465;Fabricante C;Nao
Galpao;109;Descrição do Item 109;Local Estoque 109;Fabricante A;Nao
Geral;240;Descrição do Item 240;Local Estoque 240;Fabricante C;Nao
Veicular;954;Descrição do Item 954;Local Estoque 954;Fabricante C;Sim
Veicular;283;Descrição do Item 283;Local Estoque 283;Fabricante A;Sim
Geral;164;Descrição do Item 164;Local Estoque 164;Fabricante B;Nao
Escritorio;334;Descrição do Item 334;Local Estoque 334;Fabricante D;Sim
Escritorio;242;Descrição do Item 242;Local Estoque 242;Fabricante C;Sim
Veicular;312;Descrição do Item 312;Local Estoque 312;Fabricante D;Nao
Geral;883;Descrição do Item 883;Local Estoque 883;Fabricante B;Nao
Geral;156;Descrição do Item 156;Local Estoque 156;Fabricante A;Sim
Veicular;406;Descrição do Item 406;Local Estoque 406;Fabricante D;Nao
Veicular;578;Descrição do Item 578;Local Estoque 578;Fabricante B;Nao
Veicular;107;Descrição do Item 107;Local Estoque 107;Fabricante A;Nao
Veicular;916;Descrição do Item 916;Local Estoque 916;Fabricante C;Nao
Galpao;716;Descrição do Item 716;Local Estoque 716;Fabricante D;Sim
Escritorio;453;Descrição do Item 453;Local Estoque 453;Fabricante B;Sim
Veicular;17;Descrição do Item 17;Local Estoque 17;Fabricante C;Nao
Geral;640;Descrição do Item 640;Local Estoque 640;Fabricante A;Nao
Escritorio;999;Descrição do Item 999;Local Estoque 999;Fabricante D;Nao
Galpao;966;Descrição do Item 966;Local Estoque 966;Fabricante A;Nao
Escritorio;211;Descrição do Item 211;Local Estoque 211;Fabricante D;Sim
Galpao;930;Descrição do Item 930;Local Estoque 930;Fabricante D;Nao
Galpao;145;Descrição do Item 145;Local Estoque 145;Fabricante C;Nao
Galpao;468;Descrição do Item 468;Local Estoque 468;Fabricante D;Sim
Escritorio;619;Descrição do Item 619;Local Estoque 619;Fabricante A;Nao
Escritorio;953;Descrição do Item 953;Local Estoque 953;Fabricante A;Sim
Galpao;22;Descrição do Item 22;Local Estoque 22;Fabricante D;Sim
Escritorio;710;Descrição do Item 710;Local Estoque 710;Fabricante C;Sim
Escritorio;748;Descrição do Item 748;Local Estoque 748;Fabricante B;Nao
Veicular;560;Descrição do Item 560;Local Estoque 560;Fabricante D;Sim
Escritorio;995;Descrição do Item 995;Local Estoque 995;Fabricante B;Nao
Geral;572;Descrição do Item 572;Local Estoque 572;Fabricante D;Sim
Veicular;73;Descrição do Item 73;Local Estoque 73;Fabricante C;Sim
Galpao;406;Descrição do Item 406;Local Estoque 406;Fabricante B;Nao
Galpao;111;Descrição do Item 111;Local Estoque 111;Fabricante B;Nao
Galpao;885;Descrição do Item 885;Local Estoque 885;Fabricante A;Nao
Escritorio;252;Descrição do Item 252;Local Estoque 252;Fabricante D;Sim
Escritorio;658;Descrição do Item 658;Local Estoque 658;Fabricante B;Nao
Geral;107;Descrição do Item 107;Local Estoque 107;Fabricante A;Nao
Escritorio;993;Descrição do Item 993;Local Estoque 993;Fabricante C;Nao
Escritorio;57;Descrição do Item 57;Local Estoque 57;Fabricante B;Nao
Galpao;676;Descrição do Item 676;Local Estoque 676;Fabricante A;Sim
Galpao;990;Descrição do Item 990;Local Estoque 990;Fabricante B;Sim
Geral;935;Descrição do Item 935;Local Estoque 935;Fabricante A;Sim
Galpao;589;Descrição do Item 589;Local Estoque 589;Fabricante D;Nao
Galpao;490;Descrição do Item 490;Local Estoque 490;Fabricante D;Nao
Veicular;162;Descrição do Item 162;Local Estoque 162;Fabricante B;Nao
Galpao;884;Descrição do Item 884;Local Estoque 884;Fabricante C;Sim
Escritorio;407;Descrição do Item 407;Local Estoque 407;Fabricante A;Nao
Geral;289;Descrição do Item 289;Local Estoque 289;Fabricante B;Nao
Veicular;715;Descrição do Item 715;Local Estoque 715;Fabricante A;Sim
Galpao;445;Descrição do Item 445;Local Estoque 445;Fabricante B;Sim
Escritorio;151;Descrição do Item 151;Local Estoque 151;Fabricante A;Sim
Galpao;859;Descrição do Item 859;Local Estoque 859;Fabricante D;Nao
Galpao;259;Descrição do Item 259;Local Estoque 259;Fabricante A;Sim
Escritorio;913;Descrição do Item 913;Local Estoque 913;Fabricante C;Sim
Veicular;725;Descrição do Item 725;Local Estoque 725;Fabricante C;Sim
Galpao;974;Descrição do Item 974;Local Estoque 974;Fabricante B;Nao
Geral;279;Descrição do Item 279;Local Estoque 279;Fabricante B;Sim
Veicular;445;Descrição do Item 445;Local Estoque 445;Fabricante A;Sim
Geral;640;Descrição do Item 640;Local Estoque 640;Fabricante D;Sim
Escritorio;467;Descrição do Item 467;Local Estoque 467;Fabricante B;Nao
Veicular;528;Descrição do Item 528;Local Estoque 528;Fabricante C;Nao
Galpao;876;Descrição do Item 876;Local Estoque 876;Fabricante A;Sim
Geral;21;Descrição do Item 21;Local Estoque 21;Fabricante D;Nao
Geral;19;Descrição do Item 19;Local Estoque 19;Fabricante B;Nao
Escritorio;841;Descrição do Item 841;Local Estoque 841;Fabricante D;Sim
Geral;154;Descrição do Item 154;Local Estoque 154;Fabricante A;Sim
Veicular;305;Descrição do Item 305;Local Estoque 305;Fabricante B;Sim
Geral;749;Descrição do Item 749;Local Estoque 749;Fabricante A;Sim
Escritorio;839;Descrição do Item 839;Local Estoque 839;Fabricante C;Nao
Galpao;974;Descrição do Item 974;Local Estoque 974;Fabricante C;Sim
Galpao;517;Descrição do Item 517;Local Estoque 517;Fabricante C;Nao
Veicular;459;Descrição do Item 459;Local Estoque 459;Fabricante A;Sim
Galpao;410;Descrição do Item 410;Local Estoque 410;Fabricante B;Nao
Geral;989;Descrição do Item 989;Local Estoque 989;Fabricante A;Sim
Escritorio;975;Descrição do Item 975;Local Estoque 975;Fabricante C;Nao
Geral;756;Descrição do Item 756;Local Estoque 756;Fabricante A;Nao
Veicular;380;Descrição do Item 380;Local Estoque 380;Fabricante D;Nao
Veicular;980;Descrição do Item 980;Local Estoque 980;Fabricante A;Sim
Galpao;188;Descrição do Item 188;Local Estoque 188;Fabricante B;Sim
Galpao;506;Descrição do Item 506;Local Estoque 506;Fabricante D;Sim
Geral;181;Descrição do Item 181;Local Estoque 181;Fabricante A;Sim
Galpao;178;Descrição do Item 178;Local Estoque 178;Fabricante D;Sim
Galpao;219;Descrição do Item 219;Local Estoque 219;Fabricante D;Sim
Galpao;440;Descrição do Item 440;Local Estoque 440;Fabricante C;Sim
Escritorio;896;Descrição do Item 896;Local Estoque 896;Fabricante D;Nao
Galpao;488;Descrição do Item 488;Local Estoque 488;Fabricante C;Nao
Escritorio;962;Descrição do Item 962;Local Estoque 962;Fabricante D;Sim
Veicular;526;Descrição do Item 526;Local Estoque 526;Fabricante C;Nao
Veicular;83;Descrição do Item 83;Local Estoque 83;Fabricante D;Nao
Veicular;959;Descrição do Item 959;Local Estoque 959;Fabricante B;Nao
Geral;328;Descrição do Item 328;Local Estoque 328;Fabricante D;Sim
Escritorio;933;Descrição do Item 933;Local Estoque 933;Fabricante A;Sim
Veicular;72;Descrição do Item 72;Local Estoque 72;Fabricante D;Nao
Veicular;258;Descrição do Item 258;Local Estoque 258;Fabricante A;Sim
Escritorio;410;Descrição do Item 410;Local Estoque 410;Fabricante B;Nao
Geral;520;Descrição do Item 520;Local Estoque 520;Fabricante A;Sim
Escritorio;711;Descrição do Item 711;Local Estoque 711;Fabricante B;Sim
Geral;592;Descrição do Item 592;Local Estoque 592;Fabricante D;Nao
Escritorio;503;Descrição do Item 503;Local Estoque 503;Fabricante B;Nao
Geral;101;Descrição do Item 101;Local Estoque 101;Fabricante D;Nao
Geral;427;Descrição do Item 427;Local Estoque 427;Fabricante C;Sim
Veicular;231;Descrição do Item 231;Local Estoque 231;Fabricante C;Sim
Geral;770;Descrição do Item 770;Local Estoque 770;Fabricante C;Sim
Veicular;881;Descrição do Item 881;Local Estoque 881;Fabricante D;Nao
Geral;660;Descrição do Item 660;Local Estoque 660;Fabricante C;Nao
Escritorio;225;Descrição do Item 225;Local Estoque 225;Fabricante D;Sim
Galpao;285;Descrição do Item 285;Local Estoque 285;Fabricante D;Nao
Galpao;111;Descrição do Item 111;Local Estoque 111;Fabricante D;Sim
Geral;726;Descrição do Item 726;Local Estoque 726;Fabricante D;Sim
Galpao;741;Descrição do Item 741;Local Estoque 741;Fabricante C;Sim
Geral;792;Descrição do Item 792;Local Estoque 792;Fabricante C;Nao
Galpao;869;Descrição do Item 869;Local Estoque 869;Fabricante C;Sim
Geral;981;Descrição do Item 981;Local Estoque 981;Fabricante B;Sim
Veicular;826;Descrição do Item 826;Local Estoque 826;Fabricante B;Sim
Escritorio;717;Descrição do Item 717;Local Estoque 717;Fabricante D;Nao
Galpao;151;Descrição do Item 151;Local Estoque 151;Fabricante B;Nao
Geral;191;Descrição do Item 191;Local Estoque 191;Fabricante A;Sim
Galpao;162;Descrição do Item 162;Local Estoque 162;Fabricante D;Nao
Escritorio;445;Descrição do Item 445;Local Estoque 445;Fabricante C;Sim
Galpao;742;Descrição do Item 742;Local Estoque 742;Fabricante D;Nao
Veicular;79;Descrição do Item 79;Local Estoque 79;Fabricante C;Nao
Escritorio;862;Descrição do Item 862;Local Estoque 862;Fabricante D;Sim
Escritorio;19;Descrição do Item 19;Local Estoque 19;Fabricante A;Nao
Veicular;308;Descrição do Item 308;Local Estoque 308;Fabricante D;Sim
Geral;205;Descrição do Item 205;Local Estoque 205;Fabricante A;Nao
Geral;390;Descrição do Item 390;Local Estoque 390;Fabricante B;Sim
Geral;858;Descrição do Item 858;Local Estoque 858;Fabricante C;Sim
Veicular;255;Descrição do Item 255;Local Estoque 255;Fabricante D;Nao
Veicular;430;Descrição do Item 430;Local Estoque 430;Fabricante D;Nao
Escritorio;6;Descrição do Item 6;Local Estoque 6;Fabricante C;Sim
Escritorio;744;Descrição do Item 744;Local Estoque 744;Fabricante B;Sim
Veicular;32;Descrição do Item 32;Local Estoque 32;Fabricante A;Nao
Galpao;216;Descrição do Item 216;Local Estoque 216;Fabricante C;Nao
Galpao;362;Descrição do Item 362;Local Estoque 362;Fabricante A;Sim
Geral;118;Descrição do Item 118;Local Estoque 118;Fabricante B;Sim
Galpao;158;Descrição do Item 158;Local Estoque 158;Fabricante D;Nao
Geral;80;Descrição do Item 80;Local Estoque 80;Fabricante B;Nao
Geral;560;Descrição do Item 560;Local Estoque 560;Fabricante D;Nao
Escritorio;426;Descrição do Item 426;Local Estoque 426;Fabricante A;Nao
Veicular;28;Descrição do Item 28;Local Estoque 28;Fabricante C;Sim
Geral;260;Descrição do Item 260;Local Estoque 260;Fabricante A;Nao
Veicular;689;Descrição do Item 689;Local Estoque 689;Fabricante B;Sim
Galpao;738;Descrição do Item 738;Local Estoque 738;Fabricante C;Nao
Galpao;564;Descrição do Item 564;Local Estoque 564;Fabricante B;Sim
Galpao;718;Descrição do Item 718;Local Estoque 718;Fabricante A;Sim
Galpao;485;Descrição do Item 485;Local Estoque 485;Fabricante D;Nao
Galpao;156;Descrição do Item 156;Local Estoque 156;Fabricante C;Nao
Veicular;647;Descrição do Item 647;Local Estoque 647;Fabricante C;Nao
Veicular;645;Descrição do Item 645;Local Estoque 645;Fabricante D;Sim
Geral;157;Descrição do Item 157;Local Estoque 157;Fabricante A;Nao
Veicular;157;Descrição do Item 157;Local Estoque 157;Fabricante D;Sim
Veicular;7;Descrição do Item 7;Local Estoque 7;Fabricante D;Nao
Veicular;368;Descrição do Item 368;Local Estoque 368;Fabricante D;Nao
Escritorio;355;Descrição do Item 355;Local Estoque 355;Fabricante C;Nao
Geral;857;Descrição do Item 857;Local Estoque 857;Fabricante D;Nao
Geral;477;Descrição do Item 477;Local Estoque 477;Fabricante A;Sim
Escritorio;305;Descrição do Item 305;Local Estoque 305;Fabricante D;Nao
Galpao;695;Descrição do Item 695;Local Estoque 695;Fabricante B;Sim
Veicular;648;Descrição do Item 648;Local Estoque 648;Fabricante D;Nao
Veicular;814;Descrição do Item 814;Local Estoque 814;Fabricante D;Sim
Veicular;386;Descrição do Item 386;Local Estoque 386;Fabricante B;Sim
Veicular;196;Descrição do Item 196;Local Estoque 196;Fabricante D;Nao
Galpao;402;Descrição do Item 402;Local Estoque 402;Fabricante A;Nao
Geral;952;Descrição do Item 952;Local Estoque 952;Fabricante D;Nao
Escritorio;376;Descrição do Item 376;Local Estoque 376;Fabricante D;Nao
Geral;336;Descrição do Item 336;Local Estoque 336;Fabricante A;Nao
Geral;353;Descrição do Item 353;Local Estoque 353;Fabricante B;Sim
Veicular;915;Descrição do Item 915;Local Estoque 915;Fabricante A;Sim
Galpao;352;Descrição do Item 352;Local Estoque 352;Fabricante D;Sim
Galpao;729;Descrição do Item 729;Local Estoque 729;Fabricante D;Sim
Escritorio;653;Descrição do Item 653;Local Estoque 653;Fabricante B;Nao
Galpao;109;Descrição do Item 109;Local Estoque 109;Fabricante B;Sim
Galpao;880;Descrição do Item 880;Local Estoque 880;Fabricante B;Sim
Escritorio;159;Descrição do Item 159;Local Estoque 159;Fabricante C;Sim
Escritorio;675;Descrição do Item 675;Local Estoque 675;Fabricante C;Nao
Galpao;120;Descrição do Item 120;Local Estoque 120;Fabricante B;Nao
Veicular;306;Descrição do Item 306;Local Estoque 306;Fabricante B;Sim
Galpao;724;Descrição do Item 724;Local Estoque 724;Fabricante B;Sim
Geral;71;Descrição do Item 71;Local Estoque 71;Fabricante A;Sim
Galpao;69;Descrição do Item 69;Local Estoque 69;Fabricante B;Sim
Geral;366;Descrição do Item 366;Local Estoque 366;Fabricante C;Nao
Veicular;502;Descrição do Item 502;Local Estoque 502;Fabricante C;Nao
Galpao;540;Descrição do Item 540;Local Estoque 540;Fabricante A;Nao
Veicular;13;Descrição do Item 13;Local Estoque 13;Fabricante D;Sim
Geral;76;Descrição do Item 76;Local Estoque 76;Fabricante A;Sim
Veicular;723;Descrição do Item 723;Local Estoque 723;Fabricante C;Nao
Galpao;9;Descrição do Item 9;Local Estoque 9;Fabricante C;Sim
Veicular;562;Descrição do Item 562;Local Estoque 562;Fabricante D;Sim
Geral;199;Descrição do Item 199;Local Estoque 199;Fabricante D;Nao
Escritorio;744;Descrição do Item 744;Local Estoque 744;Fabricante A;Nao
Galpao;976;Descrição do Item 976;Local Estoque 976;Fabricante D;Sim
Geral;806;Descrição do Item 806;Local Estoque 806;Fabricante D;Sim
Galpao;691;Descrição do Item 691;Local Estoque 691;Fabricante B;Sim
Geral;88;Descrição do Item 88;Local Estoque 88;Fabricante D;Nao
Veicular;346;Descrição do Item 346;Local Estoque 346;Fabricante B;Sim
Geral;900;Descrição do Item 900;Local Estoque 900;Fabricante C;Sim
Galpao;518;Descrição do Item 518;Local Estoque 518;Fabricante D;Nao
Veicular;160;Descrição do Item 160;Local Estoque 160;Fabricante D;Sim
Veicular;273;Descrição do Item 273;Local Estoque 273;Fabricante D;Sim
Galpao;595;Descrição do Item 595;Local Estoque 595;Fabricante C;Nao
Escritorio;679;Descrição do Item 679;Local Estoque 679;Fabricante B;Sim
Geral;32;Descrição do Item 32;Local Estoque 32;Fabricante C;Nao
Veicular;805;Descrição do Item 805;Local Estoque 805;Fabricante C;Nao
Geral;481;Descrição do Item 481;Local Estoque 481;Fabricante B;Sim
Escritorio;637;Descrição do Item 637;Local Estoque 637;Fabricante D;Nao
Escritorio;182;Descrição do Item 182;Local Estoque 182;Fabricante D;Sim
Escritorio;30;Descrição do Item 30;Local Estoque 30;Fabricante C;Sim
Escritorio;629;Descrição do Item 629;Local Estoque 629;Fabricante D;Sim
Galpao;415;Descrição do Item 415;Local Estoque 415;Fabricante B;Nao
Galpao;347;Descrição do Item 347;Local Estoque 347;Fabricante D;Sim
Veicular;469;Descrição do Item 469;Local Estoque 469;Fabricante A;Nao
Geral;997;Descrição do Item 997;Local Estoque 997;Fabricante C;Nao
Galpao;584;Descrição do Item 584;Local Estoque 584;Fabricante C;Sim
Galpao;455;Descrição do Item 455;Local Estoque 455;Fabricante B;Sim
Escritorio;781;Descrição do Item 781;Local Estoque 781;Fabricante B;Sim
Galpao;156;Descrição do Item 156;Local Estoque 156;Fabricante B;Nao
Veicular;677;Descrição do Item 677;Local Estoque 677;Fabricante B;Sim
Galpao;308;Descrição do Item 308;Local Estoque 308;Fabricante C;Sim
Galpao;759;Descrição do Item 759;Local Estoque 759;Fabricante B;Sim
Galpao;573;Descrição do Item 573;Local Estoque 573;Fabricante B;Sim
Galpao;292;Descrição do Item 292;Local Estoque 292;Fabricante A;Nao
Veicular;713;Descrição do Item 713;Local Estoque 713;Fabricante A;Sim
Escritorio;160;Descrição do Item 160;Local Estoque 160;Fabricante C;Nao
Veicular;508;Descrição do Item 508;Local Estoque 508;Fabricante A;Nao
Galpao;965;Descrição do Item 965;Local Estoque 965;Fabricante C;Sim
Geral;97;Descrição do Item 97;Local Estoque 97;Fabricante D;Nao
Galpao;415;Descrição do Item 415;Local Estoque 415;Fabricante A;Sim
Veicular;605;Descrição do Item 605;Local Estoque 605;Fabricante C;Nao
Galpao;376;Descrição do Item 376;Local Estoque 376;Fabricante B;Sim
Escritorio;29;Descrição do Item 29;Local Estoque 29;Fabricante C;Sim
Galpao;260;Descrição do Item 260;Local Estoque 260;Fabricante C;Sim
Geral;782;Descrição do Item 782;Local Estoque 782;Fabricante D;Nao
Escritorio;426;Descrição do Item 426;Local Estoque 426;Fabricante B;Sim
Escritorio;315;Descrição do Item 315;Local Estoque 315;Fabricante C;Sim
Geral;389;Descrição do Item 389;Local Estoque 389;Fabricante B;Sim
Geral;432;Descrição do Item 432;Local Estoque 432;Fabricante C;Nao
Veicular;957;Descrição do Item 957;Local Estoque 957;Fabricante D;Sim
Escritorio;769;Descrição do Item 769;Local Estoque 769;Fabricante C;Sim
Geral;651;Descrição do Item 651;Local Estoque 651;Fabricante A;Nao
Escritorio;59;Descrição do Item 59;Local Estoque 59;Fabricante C;Sim
Galpao;977;Descrição do Item 977;Local Estoque 977;Fabricante A;Nao
Galpao;332;Descrição do Item 332;Local Estoque 332;Fabricante C;Nao
Veicular;78;Descrição do Item 78;Local Estoque 78;Fabricante A;Sim
Escritorio;462;Descrição do Item 462;Local Estoque 462;Fabricante B;Nao
Veicular;831;Descrição do Item 831;Local Estoque 831;Fabricante B;Sim
Escritorio;256;Descrição do Item 256;Local Estoque 256;Fabricante C;Sim
Geral;1;Descrição do Item 1;Local Estoque 1;Fabricante D;Nao
Veicular;163;Descrição do Item 163;Local Estoque 163;Fabricante B;Sim
Veicular;531;Descrição do Item 531;Local Estoque 531;Fabricante C;Sim
Galpao;251;Descrição do Item 251;Local Estoque 251;Fabricante C;Sim
Geral;262;Descrição do Item 262;Local Estoque 262;Fabricante A;Sim
Escritorio;751;Descrição do Item 751;Local Estoque 751;Fabricante B;Sim
Geral;894;Descrição do Item 894;Local Estoque 894;Fabricante C;Sim
Escritorio;119;Descrição do Item 119;Local Estoque 119;Fabricante D;Sim
Galpao;532;Descrição do Item 532;Local Estoque 532;Fabricante B;Sim
Escritorio;478;Descrição do Item 478;Local Estoque 478;Fabricante C;Sim
Escritorio;197;Descrição do Item 197;Local Estoque 197;Fabricante D;Nao
Galpao;811;Descrição do Item 811;Local Estoque 811;Fabricante D;Sim
Galpao;854;Descrição do Item 854;Local Estoque 854;Fabricante D;Nao
Geral;225;Descrição do Item 225;Local Estoque 225;Fabricante C;Nao
Veicular;498;Descrição do Item 498;Local Estoque 498;Fabricante B;Nao
Veicular;741;Descrição do Item 741;Local Estoque 741;Fabricante C;Nao
Geral;918;Descrição do Item 918;Local Estoque 918;Fabricante D;Sim
Geral;837;Descrição do Item 837;Local Estoque 837;Fabricante D;Sim
Galpao;465;Descrição do Item 465;Local Estoque 465;Fabricante C;Sim
Veicular;661;Descrição do Item 661;Local Estoque 661;Fabricante D;Nao
Veicular;187;Descrição do Item 187;Local Estoque 187;Fabricante A;Nao
Veicular;774;Descrição do Item 774;Local Estoque 774;Fabricante A;Nao
Escritorio;267;Descrição do Item 267;Local Estoque 267;Fabricante C;Sim
Veicular;735;Descrição do Item 735;Local Estoque 735;Fabricante C;Nao
Geral;633;Descrição do Item 633;Local Estoque 633;Fabricante C;Sim
Escritorio;265;Descrição do Item 265;Local Estoque 265;Fabricante D;Sim
Escritorio;928;Descrição do Item 928;Local Estoque 928;Fabricante C;Sim
Veicular;746;Descrição do Item 746;Local Estoque 746;Fabricante B;Nao
Geral;55;Descrição do Item 55;Local Estoque 55;Fabricante B;Sim
Geral;680;Descrição do Item 680;Local Estoque 680;Fabricante A;Nao
Escritorio;981;Descrição do Item 981;Local Estoque 981;Fabricante A;Nao
Escritorio;76;Descrição do Item 76;Local Estoque 76;Fabricante A;Sim
Escritorio;813;Descrição do Item 813;Local Estoque 813;Fabricante D;Sim
Escritorio;749;Descrição do Item 749;Local Estoque 749;Fabricante B;Sim
Galpao;954;Descrição do Item 954;Local Estoque 954;Fabricante D;Sim
Escritorio;837;Descrição do Item 837;Local Estoque 837;Fabricante D;Nao
Geral;510;Descrição do Item 510;Local Estoque 510;Fabricante C;Sim
Veicular;56;Descrição do Item 56;Local Estoque 56;Fabricante D;Nao
Galpao;259;Descrição do Item 259;Local Estoque 259;Fabricante B;Nao
Geral;695;Descrição do Item 695;Local Estoque 695;Fabricante B;Nao
Escritorio;432;Descrição do Item 432;Local Estoque 432;Fabricante A;Sim
Geral;230;Descrição do Item 230;Local Estoque 230;Fabricante A;Sim
Escritorio;836;Descrição do Item 836;Local Estoque 836;Fabricante C;Sim
Geral;995;Descrição do Item 995;Local Estoque 995;Fabricante D;Nao
Veicular;592;Descrição do Item 592;Local Estoque 592;Fabricante B;Nao
Galpao;107;Descrição do Item 107;Local Estoque 107;Fabricante B;Nao
Veicular;812;Descrição do Item 812;Local Estoque 812;Fabricante C;Sim
Galpao;729;Descrição do Item 729;Local Estoque 729;Fabricante D;Nao
Escritorio;372;Descrição do Item 372;Local Estoque 372;Fabricante C;Sim
Geral;415;Descrição do Item 415;Local Estoque 415;Fabricante B;Nao
Galpao;711;Descrição do Item 711;Local Estoque 711;Fabricante B;Sim
Geral;60;Descrição do Item 60;Local Estoque 60;Fabricante B;Sim
Escritorio;680;Descrição do Item 680;Local Estoque 680;Fabricante A;Sim
Galpao;836;Descrição do Item 836;Local Estoque 836;Fabricante C;Nao
Galpao;614;Descrição do Item 614;Local Estoque 614;Fabricante D;Nao
Escritorio;196;Descrição do Item 196;Local Estoque 196;Fabricante A;Sim
Veicular;449;Descrição do Item 449;Local Estoque 449;Fabricante D;Sim
Galpao;464;Descrição do Item 464;Local Estoque 464;Fabricante B;Sim
Geral;152;Descrição do Item 152;Local Estoque 152;Fabricante D;Nao
Escritorio;517;Descrição do Item 517;Local Estoque 517;Fabricante A;Sim
Galpao;444;Descrição do Item 444;Local Estoque 444;Fabricante B;Sim
Galpao;767;Descrição do Item 767;Local Estoque 767;Fabricante D;Sim
Galpao;77;Descrição do Item 77;Local Estoque 77;Fabricante A;Nao
Escritorio;886;Descrição do Item 886;Local Estoque 886;Fabricante A;Sim
Veicular;794;Descrição do Item 794;Local Estoque 794;Fabricante C;Sim
Escritorio;50;Descrição do Item 50;Local Estoque 50;Fabricante C;Sim
Veicular;318;Descrição do Item 318;Local Estoque 318;Fabricante D;Sim
Veicular;543;Descrição do Item 543;Local Estoque 543;Fabricante A;Nao
Veicular;122;Descrição do Item 122;Local Estoque 122;Fabricante A;Sim
Geral;613;Descrição do Item 613;Local Estoque 613;Fabricante C;Nao
Galpao;492;Descrição do Item 492;Local Estoque 492;Fabricante C;Nao
Veicular;15;Descrição do Item 15;Local Estoque 15;Fabricante D;Sim
Escritorio;87;Descrição do Item 87;Local Estoque 87;Fabricante D;Nao
Escritorio;714;Descrição do Item 714;Local Estoque 714;Fabricante C;Sim
Veicular;246;Descrição do Item 246;Local Estoque 246;Fabricante A;Sim
Escritorio;703;Descrição do Item 703;Local Estoque 703;Fabricante A;Nao
Geral;901;Descrição do Item 901;Local Estoque 901;Fabricante A;Sim
Galpao;289;Descrição do Item 289;Local Estoque 289;Fabricante A;Nao
Veicular;220;Descrição do Item 220;Local Estoque 220;Fabricante B;Nao
Galpao;107;Descrição do Item 107;Local Estoque 107;Fabricante A;Nao
Escritorio;561;Descrição do Item 561;Local Estoque 561;Fabricante A;Nao
Veicular;482;Descrição do Item 482;Local Estoque 482;Fabricante D;Sim
Escritorio;680;Descrição do Item 680;Local Estoque 680;Fabricante B;Sim
Galpao;430;Descrição do Item 430;Local Estoque 430;Fabricante B;Nao
Escritorio;146;Descrição do Item 146;Local Estoque 146;Fabricante B;Nao
Geral;733;Descrição do Item 733;Local Estoque 733;Fabricante A;Nao
Galpao;143;Descrição do Item 143;Local Estoque 143;Fabricante B;Nao
Galpao;175;Descrição do Item 175;Local Estoque 175;Fabricante C;Nao
Escritorio;666;Descrição do Item 666;Local Estoque 666;Fabricante D;Sim
Escritorio;474;Descrição do Item 474;Local Estoque 474;Fabricante C;Sim
Escritorio;98;Descrição do Item 98;Local Estoque 98;Fabricante D;Nao
Galpao;953;Descrição do Item 953;Local Estoque 953;Fabricante C;Nao
Geral;732;Descrição do Item 732;Local Estoque 732;Fabricante B;Sim
Geral;358;Descrição do Item 358;Local Estoque 358;Fabricante D;Nao
Veicular;435;Descrição do Item 435;Local Estoque 435;Fabricante A;Nao
Geral;910;Descrição do Item 910;Local Estoque 910;Fabricante A;Nao
Galpao;433;Descrição do Item 433;Local Estoque 433;Fabricante B;Nao
Veicular;222;Descrição do Item 222;Local Estoque 222;Fabricante C;Sim
Geral;534;Descrição do Item 534;Local Estoque 534;Fabricante A;Sim
Veicular;629;Descrição do Item 629;Local Estoque 629;Fabricante C;Nao
Galpao;762;Descrição do Item 762;Local Estoque 762;Fabricante A;Sim
Geral;877;Descrição do Item 877;Local Estoque 877;Fabricante B;Nao
Galpao;716;Descrição do Item 716;Local Estoque 716;Fabricante A;Sim
Geral;871;Descrição do Item 871;Local Estoque 871;Fabricante A;Nao
Veicular;732;Descrição do Item 732;Local Estoque 732;Fabricante A;Sim
Galpao;195;Descrição do Item 195;Local Estoque 195;Fabricante D;Nao
Geral;174;Descrição do Item 174;Local Estoque 174;Fabricante D;Sim
Galpao;481;Descrição do Item 481;Local Estoque 481;Fabricante C;Sim
Escritorio;828;Descrição do Item 828;Local Estoque 828;Fabricante C;Sim
Geral;314;Descrição do Item 314;Local Estoque 314;Fabricante A;Sim
Galpao;58;Descrição do Item 58;Local Estoque 58;Fabricante D;Sim
Escritorio;782;Descrição do Item 782;Local Estoque 782;Fabricante C;Sim
Geral;522;Descrição do Item 522;Local Estoque 522;Fabricante B;Sim
Veicular;781;Descrição do Item 781;Local Estoque 781;Fabricante C;Nao
Geral;740;Descrição do Item 740;Local Estoque 740;Fabricante C;Sim
Geral;279;Descrição do Item 279;Local Estoque 279;Fabricante D;Nao
Galpao;41;Descrição do Item 41;Local Estoque 41;Fabricante A;Sim
Veicular;363;Descrição do Item 363;Local Estoque 363;Fabricante A;Nao
Galpao;617;Descrição do Item 617;Local Estoque 617;Fabricante B;Sim
Galpao;663;Descrição do Item 663;Local Estoque 663;Fabricante D;Nao
Galpao;192;Descrição do Item 192;Local Estoque 192;Fabricante D;Nao
Geral;32;Descrição do Item 32;Local Estoque 32;Fabricante A;Sim
Galpao;219;Descrição do Item 219;Local Estoque 219;Fabricante B;Nao
Geral;96;Descrição do Item 96;Local Estoque 96;Fabricante C;Nao
Escritorio;131;Descrição do Item 131;Local Estoque 131;Fabricante A;Nao
Escritorio;111;Descrição do Item 111;Local Estoque 111;Fabricante A;Nao
Veicular;244;Descrição do Item 244;Local Estoque 244;Fabricante D;Sim
Veicular;842;Descrição do Item 842;Local Estoque 842;Fabricante C;Nao
Veicular;960;Descrição do Item 960;Local Estoque 960;Fabricante A;Nao
Escritorio;827;Descrição do Item 827;Local Estoque 827;Fabricante B;Sim
Galpao;321;Descrição do Item 321;Local Estoque 321;Fabricante D;Nao
Escritorio;994;Descrição do Item 994;Local Estoque 994;Fabricante D;Sim
Veicular;179;Descrição do Item 179;Local Estoque 179;Fabricante D;Nao
Escritorio;485;Descrição do Item 485;Local Estoque 485;Fabricante B;Nao
Geral;721;Descrição do Item 721;Local Estoque 721;Fabricante D;Sim
Galpao;535;Descrição do Item 535;Local Estoque 535;Fabricante A;Sim
Veicular;454;Descrição do Item 454;Local Estoque 454;Fabricante D;Sim
Geral;372;Descrição do Item 372;Local Estoque 372;Fabricante D;Sim
Escritorio;71;Descrição do Item 71;Local Estoque 71;Fabricante C;Nao
Veicular;504;Descrição do Item 504;Local Estoque 504;Fabricante A;Sim
Veicular;663;Descrição do Item 663;Local Estoque 663;Fabricante C;Nao
Veicular;736;Descrição do Item 736;Local Estoque 736;Fabricante D;Sim
Galpao;889;Descrição do Item 889;Local Estoque 889;Fabricante A;Sim
Galpao;42;Descrição do Item 42;Local Estoque 42;Fabricante D;Nao
Geral;40;Descrição do Item 40;Local Estoque 40;Fabricante A;Sim
Geral;802;Descrição do Item 802;Local Estoque 802;Fabricante D;Nao
Veicular;276;Descrição do Item 276;Local Estoque 276;Fabricante B;Nao
Galpao;556;Descrição do Item 556;Local Estoque 556;Fabricante D;Nao
Veicular;804;Descrição do Item 804;Local Estoque 804;Fabricante A;Nao
Galpao;497;Descrição do Item 497;Local Estoque 497;Fabricante C;Nao
Galpao;32;Descrição do Item 32;Local Estoque 32;Fabricante A;Nao
Galpao;760;Descrição do Item 760;Local Estoque 760;Fabricante C;Nao
Escritorio;379;Descrição do Item 379;Local Estoque 379;Fabricante C;Sim
Veicular;481;Descrição do Item 481;Local Estoque 481;Fabricante C;Nao
Galpao;615;Descrição do Item 615;Local Estoque 615;Fabricante A;Nao
Veicular;460;Descrição do Item 460;Local Estoque 460;Fabricante B;Nao
Galpao;424;Descrição do Item 424;Local Estoque 424;Fabricante D;Nao
Galpao;477;Descrição do Item 477;Local Estoque 477;Fabricante D;Nao
Galpao;165;Descrição do Item 165;Local Estoque 165;Fabricante A;Nao
Galpao;166;Descrição do Item 166;Local Estoque 166;Fabricante A;Sim
Veicular;673;Descrição do Item 673;Local Estoque 673;Fabricante C;Sim
Veicular;62;Descrição do Item 62;Local Estoque 62;Fabricante B;Nao
Veicular;644;Descrição do Item 644;Local Estoque 644;Fabricante C;Nao
Geral;177;Descrição do Item 177;Local Estoque 177;Fabricante A;Nao
Geral;104;Descrição do Item 104;Local Estoque 104;Fabricante C;Nao
Veicular;109;Descrição do Item 109;Local Estoque 109;Fabricante B;Nao
Geral;958;Descrição do Item 958;Local Estoque 958;Fabricante B;Sim
Galpao;951;Descrição do Item 951;Local Estoque 951;Fabricante A;Nao
Geral;431;Descrição do Item 431;Local Estoque 431;Fabricante B;Nao
Escritorio;528;Descrição do Item 528;Local Estoque 528;Fabricante D;Nao
Galpao;850;Descrição do Item 850;Local Estoque 850;Fabricante C;Sim
Escritorio;439;Descrição do Item 439;Local Estoque 439;Fabricante D;Nao
Galpao;327;Descrição do Item 327;Local Estoque 327;Fabricante C;Nao
Geral;601;Descrição do Item 601;Local Estoque 601;Fabricante C;Sim
Escritorio;875;Descrição do Item 875;Local Estoque 875;Fabricante B;Sim
Escritorio;330;Descrição do Item 330;Local Estoque 330;Fabricante B;Nao
Veicular;60;Descrição do Item 60;Local Estoque 60;Fabricante D;Nao
Veicular;424;Descrição do Item 424;Local Estoque 424;Fabricante A;Nao
Geral;526;Descrição do Item 526;Local Estoque 526;Fabricante A;Nao
Geral;613;Descrição do Item 613;Local Estoque 613;Fabricante B;Sim
Escritorio;112;Descrição do Item 112;Local Estoque 112;Fabricante C;Sim
Galpao;604;Descrição do Item 604;Local Estoque 604;Fabricante D;Sim
Geral;480;Descrição do Item 480;Local Estoque 480;Fabricante B;Sim
Geral;749;Descrição do Item 749;Local Estoque 749;Fabricante A;Sim
Veicular;369;Descrição do Item 369;Local Estoque 369;Fabricante C;Nao
Geral;922;Descrição do Item 922;Local Estoque 922;Fabricante C;Nao
Escritorio;737;Descrição do Item 737;Local Estoque 737;Fabricante A;Nao
Escritorio;246;Descrição do Item 246;Local Estoque 246;Fabricante D;Nao
Veicular;952;Descrição do Item 952;Local Estoque 952;Fabricante B;Sim
Escritorio;501;Descrição do Item 501;Local Estoque 501;Fabricante A;Nao
Geral;945;Descrição do Item 945;Local Estoque 945;Fabricante D;Nao
Veicular;565;Descrição do Item 565;Local Estoque 565;Fabricante C;Nao
Escritorio;415;Descrição do Item 415;Local Estoque 415;Fabricante B;Sim
Galpao;286;Descrição do Item 286;Local Estoque 286;Fabricante B;Nao
Geral;154;Descrição do Item 154;Local Estoque 154;Fabricante C;Sim
Geral;836;Descrição do Item 836;Local Estoque 836;Fabricante C;Nao
Veicular;970;Descrição do Item 970;Local Estoque 970;Fabricante C;Nao
Escritorio;689;Descrição do Item 689;Local Estoque 689;Fabricante C;Nao
Geral;918;Descrição do Item 918;Local Estoque 918;Fabricante D;Sim
Galpao;793;Descrição do Item 793;Local Estoque 793;Fabricante B;Sim
Geral;703;Descrição do Item 703;Local Estoque 703;Fabricante A;Nao
Galpao;138;Descrição do Item 138;Local Estoque 138;Fabricante B;Sim
Geral;879;Descrição do Item 879;Local Estoque 879;Fabricante D;Nao
Geral;194;Descrição do Item 194;Local Estoque 194;Fabricante A;Sim
Galpao;157;Descrição do Item 157;Local Estoque 157;Fabricante C;Sim
Veicular;5;Descrição do Item 5;Local Estoque 5;Fabricante A;Nao
Escritorio;437;Descrição do Item 437;Local Estoque 437;Fabricante A;Sim
Galpao;305;Descrição do Item 305;Local Estoque 305;Fabricante A;Sim
Geral;462;Descrição do Item 462;Local Estoque 462;Fabricante C;Sim
Geral;98;Descrição do Item 98;Local Estoque 98;Fabricante B;Sim
Escritorio;213;Descrição do Item 213;Local Estoque 213;Fabricante B;Sim
Escritorio;994;Descrição do Item 994;Local Estoque 994;Fabricante B;Nao
Veicular;691;Descrição do Item 691;Local Estoque 691;Fabricante B;Nao
Galpao;624;Descrição do Item 624;Local Estoque 624;Fabricante B;Nao
Escritorio;681;Descrição do Item 681;Local Estoque 681;Fabricante A;Sim
Geral;294;Descrição do Item 294;Local Estoque 294;Fabricante B;Sim
Veicular;758;Descrição do Item 758;Local Estoque 758;Fabricante B;Sim
Escritorio;385;Descrição do Item 385;Local Estoque 385;Fabricante A;Sim
Geral;818;Descrição do Item 818;Local Estoque 818;Fabricante C;Nao
Geral;169;Descrição do Item 169;Local Estoque 169;Fabricante B;Nao
Veicular;493;Descrição do Item 493;Local Estoque 493;Fabricante A;Sim
Veicular;803;Descrição do Item 803;Local Estoque 803;Fabricante B;Sim
Escritorio;510;Descrição do Item 510;Local Estoque 510;Fabricante A;Sim
Escritorio;327;Descrição do Item 327;Local Estoque 327;Fabricante C;Nao
Veicular;256;Descrição do Item 256;Local Estoque 256;Fabricante C;Nao
Geral;861;Descrição do Item 861;Local Estoque 861;Fabricante D;Sim
Geral;330;Descrição do Item 330;Local Estoque 330;Fabricante A;Sim
Geral;943;Descrição do Item 943;Local Estoque 943;Fabricante A;Sim
Veicular;183;Descrição do Item 183;Local Estoque 183;Fabricante B;Sim
Geral;691;Descrição do Item 691;Local Estoque 691;Fabricante C;Nao
Geral;913;Descrição do Item 913;Local Estoque 913;Fabricante D;Nao
Veicular;393;Descrição do Item 393;Local Estoque 393;Fabricante C;Sim
Escritorio;733;Descrição do Item 733;Local Estoque 733;Fabricante C;Nao
Veicular;436;Descrição do Item 436;Local Estoque 436;Fabricante D;Nao
Geral;383;Descrição do Item 383;Local Estoque 383;Fabricante A;Sim
Galpao;139;Descrição do Item 139;Local Estoque 139;Fabricante D;Sim
Geral;463;Descrição do Item 463;Local Estoque 463;Fabricante C;Sim
Escritorio;852;Descrição do Item 852;Local Estoque 852;Fabricante D;Sim
Escritorio;569;Descrição do Item 569;Local Estoque 569;Fabricante B;Nao
Galpao;442;Descrição do Item 442;Local Estoque 442;Fabricante A;Nao
Geral;762;Descrição do Item 762;Local Estoque 762;Fabricante C;Sim
Galpao;162;Descrição do Item 162;Local Estoque 162;Fabricante C;Nao
Geral;509;Descrição do Item 509;Local Estoque 509;Fabricante A;Nao
Galpao;980;Descrição do Item 980;Local Estoque 980;Fabricante A;Sim
Galpao;291;Descrição do Item 291;Local Estoque 291;Fabricante B;Nao
Veicular;603;Descrição do Item 603;Local Estoque 603;Fabricante D;Sim
Veicular;589;Descrição do Item 589;Local Estoque 589;Fabricante B;Nao
Veicular;417;Descrição do Item 417;Local Estoque 417;Fabricante B;Sim
Escritorio;30;Descrição do Item 30;Local Estoque 30;Fabricante B;Nao
Galpao;959;Descrição do Item 959;Local Estoque 959;Fabricante D;Sim
Geral;997;Descrição do Item 997;Local Estoque 997;Fabricante C;Sim
Escritorio;191;Descrição do Item 191;Local Estoque 191;Fabricante B;Sim
Escritorio;173;Descrição do Item 173;Local Estoque 173;Fabricante B;Nao
Galpao;947;Descrição do Item 947;Local Estoque 947;Fabricante A;Nao
Geral;513;Descrição do Item 513;Local Estoque 513;Fabricante A;Nao
Geral;298;Descrição do Item 298;Local Estoque 298;Fabricante B;Sim
Veicular;312;Descrição do Item 312;Local Estoque 312;Fabricante A;Nao
Veicular;890;Descrição do Item 890;Local Estoque 890;Fabricante C;Sim
Geral;517;Descrição do Item 517;Local Estoque 517;Fabricante D;Sim
Galpao;493;Descrição do Item 493;Local Estoque 493;Fabricante C;Sim
Veicular;2;Descrição do Item 2;Local Estoque 2;Fabricante C;Sim
Veicular;803;Descrição do Item 803;Local Estoque 803;Fabricante B;Sim
Veicular;200;Descrição do Item 200;Local Estoque 200;Fabricante A;Sim
Veicular;936;Descrição do Item 936;Local Estoque 936;Fabricante A;Nao
Veicular;915;Descrição do Item 915;Local Estoque 915;Fabricante D;Nao
Veicular;338;Descrição do Item 338;Local Estoque 338;Fabricante A;Nao
Geral;411;Descrição do Item 411;Local Estoque 411;Fabricante B;Sim
Escritorio;456;Descrição do Item 456;Local Estoque 456;Fabricante A;Sim
Veicular;646;Descrição do Item 646;Local Estoque 646;Fabricante D;Nao
Geral;276;Descrição do Item 276;Local Estoque 276;Fabricante B;Sim
Galpao;622;Descrição do Item 622;Local Estoque 622;Fabricante B;Nao
Veicular;601;Descrição do Item 601;Local Estoque 601;Fabricante C;Nao
Geral;432;Descrição do Item 432;Local Estoque 432;Fabricante B;Nao
Geral;952;Descrição do Item 952;Local Estoque 952;Fabricante D;Sim
Galpao;128;Descrição do Item 128;Local Estoque 128;Fabricante D;Nao
Geral;805;Descrição do Item 805;Local Estoque 805;Fabricante A;Nao
Escritorio;923;Descrição do Item 923;Local Estoque 923;Fabricante D;Sim
Galpao;755;Descrição do Item 755;Local Estoque 755;Fabricante C;Nao
Escritorio;887;Descrição do Item 887;Local Estoque 887;Fabricante A;Sim
Escritorio;197;Descrição do Item 197;Local Estoque 197;Fabricante A;Nao
Geral;329;Descrição do Item 329;Local Estoque 329;Fabricante D;Sim
Galpao;639;Descrição do Item 639;Local Estoque 639;Fabricante B;Nao
Escritorio;810;Descrição do Item 810;Local Estoque 810;Fabricante C;Sim
Veicular;927;Descrição do Item 927;Local Estoque 927;Fabricante D;Nao
Geral;165;Descrição do Item 165;Local Estoque 165;Fabricante B;Sim
Escritorio;385;Descrição do Item 385;Local Estoque 385;Fabricante D;Nao
Veicular;25;Descrição do Item 25;Local Estoque 25;Fabricante B;Nao
Veicular;268;Descrição do Item 268;Local Estoque 268;Fabricante C;Nao
Galpao;325;Descrição do Item 325;Local Estoque 325;Fabricante B;Nao
Galpao;907;Descrição do Item 907;Local Estoque 907;Fabricante C;Sim
Geral;24;Descrição do Item 24;Local Estoque 24;Fabricante B;Sim
Galpao;56;Descrição do Item 56;Local Estoque 56;Fabricante C;Nao
Geral;846;Descrição do Item 846;Local Estoque 846;Fabricante A;Nao
Veicular;572;Descrição do Item 572;Local Estoque 572;Fabricante D;Sim
Veicular;180;Descrição do Item 180;Local Estoque 180;Fabricante D;Nao
Escritorio;641;Descrição do Item 641;Local Estoque 641;Fabricante A;Sim
Veicular;357;Descrição do Item 357;Local Estoque 357;Fabricante B;Nao
Veicular;727;Descrição do Item 727;Local Estoque 727;Fabricante C;Nao
Geral;209;Descrição do Item 209;Local Estoque 209;Fabricante C;Nao
Escritorio;100;Descrição do Item 100;Local Estoque 100;Fabricante A;Sim
Escritorio;769;Descrição do Item 769;Local Estoque 769;Fabricante C;Nao
